City_ID,City,Lat,Lng,Max Temp,Humidity,Cloudiness,Wind Speed,Country,Date
0,Carnarvon,-24.87,113.63,71.6,83,49,11.41,AU,2020-04-20 00:05:07
1,Qaanaaq,77.48,-69.36,15.82,84,75,16.4,GL,2020-04-20 00:05:40
2,Esperance,-33.87,121.9,51.8,87,0,8.05,AU,2020-04-20 00:05:40
3,Ushuaia,-54.8,-68.3,41.0,86,90,27.51,AR,2020-04-20 00:00:45
4,Hobart,-42.88,147.33,57.0,76,75,6.93,AU,2020-04-20 00:05:31
5,Vaini,-21.2,-175.2,84.2,74,40,8.05,TO,2020-04-20 00:05:41
6,Port Elizabeth,-33.92,25.57,71.6,46,29,12.75,ZA,2020-04-20 00:05:41
7,Nikolskoye,59.7,30.79,37.4,94,67,4.47,RU,2020-04-20 00:05:26
8,Jamestown,42.1,-79.24,44.6,81,90,12.75,US,2020-04-20 00:04:18
9,Lavrentiya,65.58,-171.0,21.18,91,100,8.16,RU,2020-04-20 00:05:42
10,Lebu,-37.62,-73.65,55.83,74,100,9.84,CL,2020-04-20 00:05:42
11,East London,-33.02,27.91,76.21,54,0,13.35,ZA,2020-04-20 00:05:42
12,Ancud,-41.87,-73.82,50.0,81,40,5.82,CL,2020-04-20 00:04:26
13,Albany,42.6,-73.97,57.99,51,90,1.01,US,2020-04-20 00:05:43
14,Vangaindrano,-23.35,47.6,69.8,91,25,4.14,MG,2020-04-20 00:05:43
15,Northam,51.03,-4.22,52.0,73,95,5.99,GB,2020-04-20 00:05:43
16,Nouakchott,18.09,-15.98,69.8,77,0,16.11,MR,2020-04-20 00:01:08
17,Cherskiy,68.75,161.3,9.03,93,100,7.92,RU,2020-04-20 00:05:44
18,Vao,-22.67,167.48,78.03,81,100,15.39,NC,2020-04-20 00:03:44
19,Harper,4.38,-7.72,81.34,83,100,7.96,LR,2020-04-20 00:05:45
20,Amasya,40.67,35.83,46.4,61,81,2.82,TR,2020-04-20 00:05:45
21,Faya,18.39,42.45,64.4,72,89,3.51,SA,2020-04-20 00:05:45
22,Broome,42.25,-75.83,48.99,66,90,17.22,US,2020-04-20 00:05:46
23,Bilibino,68.05,166.44,8.42,79,81,3.74,RU,2020-04-20 00:05:46
24,Tasiilaq,65.61,-37.64,32.0,92,100,4.7,GL,2020-04-20 00:05:46
25,Busselton,-33.65,115.33,61.0,60,78,20.2,AU,2020-04-20 00:05:46
26,Rikitea,-23.12,-134.97,77.07,67,100,5.99,PF,2020-04-20 00:05:47
27,The Valley,18.22,-63.06,80.6,74,20,8.05,AI,2020-04-20 00:05:47
28,New Norfolk,-42.78,147.06,57.0,91,100,7.74,AU,2020-04-20 00:05:47
29,Oranjestad,12.52,-70.03,84.2,70,20,20.8,AW,2020-04-20 00:04:57
30,Yellowknife,62.46,-114.35,26.6,53,40,20.8,CA,2020-04-20 00:05:28
31,Puerto Ayora,-0.74,-90.35,80.01,85,86,8.99,EC,2020-04-20 00:05:48
32,Bluff,-46.6,168.33,55.99,66,78,5.99,NZ,2020-04-20 00:01:04
33,Alamosa,37.47,-105.87,51.8,24,90,17.22,US,2020-04-20 00:05:48
34,Salekhard,66.53,66.6,32.9,95,100,4.36,RU,2020-04-20 00:05:48
35,Bethel,41.37,-73.41,57.2,35,1,10.29,US,2020-04-20 00:00:56
36,Hilo,19.73,-155.09,82.4,51,1,12.75,US,2020-04-20 00:05:35
37,Moose Factory,51.26,-80.61,17.6,48,75,4.7,CA,2020-04-20 00:05:49
38,Biak,-0.91,122.88,82.11,69,3,2.86,ID,2020-04-20 00:05:49
39,Arraial Do Cabo,-22.97,-42.03,73.67,70,96,4.79,BR,2020-04-20 00:05:49
40,Paamiut,61.99,-49.67,25.41,90,4,13.49,GL,2020-04-20 00:05:50
41,Ribeira Grande,38.52,-28.7,56.68,63,7,12.53,PT,2020-04-20 00:05:50
42,Sao Felix Do Xingu,-6.64,-51.99,73.87,88,99,0.87,BR,2020-04-20 00:05:50
43,Cape Town,-33.93,18.42,63.0,77,75,18.34,ZA,2020-04-20 00:02:02
44,Bara,10.37,10.73,85.71,43,52,5.86,NG,2020-04-20 00:05:51
45,Padang,-0.95,100.35,78.73,76,17,4.21,ID,2020-04-20 00:05:51
46,Atuona,-9.8,-139.03,82.89,73,38,12.97,PF,2020-04-20 00:05:51
47,Barrow,71.29,-156.79,12.2,85,90,6.93,US,2020-04-20 00:05:51
48,Calafell,41.2,1.57,59.0,96,100,9.75,ES,2020-04-20 00:05:51
49,Aykhal,66.0,111.5,23.0,38,2,4.47,RU,2020-04-20 00:05:52
50,Pierre,44.37,-100.35,48.99,65,90,10.29,US,2020-04-20 00:00:54
51,Tuktoyaktuk,69.45,-133.04,10.4,85,90,9.17,CA,2020-04-20 00:05:52
52,Dickinson,29.46,-95.05,82.0,78,75,8.05,US,2020-04-20 00:05:53
53,Loreto,22.27,-101.97,83.01,11,3,18.01,MX,2020-04-20 00:05:53
54,Chuy,-33.7,-53.46,64.58,89,23,7.49,UY,2020-04-20 00:05:53
55,Punta Arenas,-53.15,-70.92,42.8,78,20,23.04,CL,2020-04-20 00:05:53
56,Vaitape,-16.52,-151.75,83.7,75,59,15.3,PF,2020-04-20 00:05:53
57,Bredasdorp,-34.53,20.04,54.0,93,6,2.24,ZA,2020-04-20 00:05:54
58,Poum,-20.23,164.02,81.18,75,99,7.11,NC,2020-04-20 00:05:54
59,Chirongui,-12.93,45.15,82.4,74,75,9.17,YT,2020-04-20 00:05:54
60,Bengkulu,-3.8,102.27,78.13,83,84,4.12,ID,2020-04-20 00:05:54
61,Tshikapa,-6.42,20.8,70.61,73,80,1.3,CD,2020-04-20 00:05:54
62,Hermanus,-34.42,19.23,61.0,93,38,1.01,ZA,2020-04-20 00:05:55
63,Cururupu,-1.83,-44.87,77.86,88,59,5.46,BR,2020-04-20 00:05:55
64,Iqaluit,63.75,-68.51,1.4,70,20,8.05,CA,2020-04-20 00:05:55
65,Genhe,50.78,121.52,19.11,74,100,14.61,CN,2020-04-20 00:05:55
66,Mataura,-46.19,168.86,55.99,66,72,5.99,NZ,2020-04-20 00:05:56
67,Plymouth,41.83,-70.83,50.0,57,1,18.34,US,2020-04-20 00:05:56
68,Ouro Preto Do Oeste,-10.75,-62.22,73.49,90,92,0.98,BR,2020-04-20 00:05:56
69,Grindavik,63.84,-22.43,46.4,100,90,29.97,IS,2020-04-20 00:05:57
70,Quatre Cocos,-20.21,57.76,75.2,88,40,11.41,MU,2020-04-20 00:05:57
71,Marrakesh,31.63,-8.01,60.8,67,40,5.82,MA,2020-04-20 00:01:29
72,Anadyr,64.75,177.48,19.4,79,40,8.95,RU,2020-04-20 00:05:57
73,Ulladulla,-35.35,150.47,59.0,67,100,5.82,AU,2020-04-20 00:05:58
74,Butaritari,3.07,172.79,83.39,73,23,8.81,KI,2020-04-20 00:05:58
75,Limbang,4.75,115.0,80.6,83,75,3.36,MY,2020-04-20 00:05:58
76,Marawi,8.0,124.29,77.86,62,61,0.72,PH,2020-04-20 00:05:58
77,Dikson,73.51,80.55,34.48,89,90,22.77,RU,2020-04-20 00:05:58
78,Saint-Augustin,51.23,-58.65,28.63,98,100,15.05,CA,2020-04-20 00:05:59
79,Tessalit,20.2,1.01,80.24,29,0,8.23,ML,2020-04-20 00:05:24
80,Zakamensk,50.37,103.29,25.12,59,20,7.29,RU,2020-04-20 00:05:59
81,Carora,10.18,-70.08,79.07,62,99,3.56,VE,2020-04-20 00:05:59
82,Termiz,37.22,67.28,64.4,81,90,4.7,UZ,2020-04-20 00:05:59
83,Teahupoo,-17.83,-149.27,91.4,59,98,5.82,PF,2020-04-20 00:06:00
84,Hovd,48.01,91.64,37.11,36,0,0.54,MN,2020-04-20 00:06:00
85,Port Alfred,-33.59,26.89,68.0,85,14,7.36,ZA,2020-04-20 00:06:00
86,West Bay,19.37,-81.42,86.0,74,20,6.93,KY,2020-04-20 00:06:00
87,Asfi,32.3,-9.24,60.93,76,1,7.31,MA,2020-04-20 00:05:16
88,Luderitz,-26.65,15.16,60.8,87,0,8.05,NA,2020-04-20 00:03:41
89,Norman Wells,65.28,-126.83,28.4,68,90,6.93,CA,2020-04-20 00:06:01
90,Ketchikan,55.34,-131.65,51.8,81,75,12.75,US,2020-04-20 00:04:43
91,Kimbe,-5.55,150.14,89.46,60,36,1.95,PG,2020-04-20 00:06:01
92,Kapaa,22.08,-159.32,80.6,61,1,10.29,US,2020-04-20 00:06:01
93,Vestmanna,62.16,-7.17,41.0,93,6,11.41,FO,2020-04-20 00:06:02
94,Thenzawl,23.32,92.75,64.24,68,78,2.13,IN,2020-04-20 00:06:02
95,Saint George,37.1,-113.58,71.6,28,1,13.87,US,2020-04-20 00:02:12
96,Havre-Saint-Pierre,50.23,-63.6,30.2,68,1,6.93,CA,2020-04-20 00:06:02
97,Pointe Michel,15.25,-61.38,79.18,75,18,15.52,DM,2020-04-20 00:06:03
98,Pevek,69.7,170.31,9.91,94,100,6.98,RU,2020-04-20 00:06:03
99,Lewistown,40.6,-77.57,57.99,43,100,5.17,US,2020-04-20 00:06:03
100,Tateyama,34.98,139.87,51.8,93,75,6.93,JP,2020-04-20 00:06:03
101,Avarua,-21.21,-159.78,84.2,66,2,8.05,CK,2020-04-20 00:06:04
102,Sur,22.57,59.53,83.8,46,1,8.32,OM,2020-04-20 00:04:36
103,Sioux Lookout,50.1,-91.92,35.6,43,90,16.11,CA,2020-04-20 00:02:37
104,San Patricio,19.22,-104.7,75.2,78,5,17.22,MX,2020-04-20 00:06:04
105,Benghazi,32.12,20.07,67.33,39,58,9.04,LY,2020-04-20 00:06:04
106,Alofi,-19.06,-169.92,86.0,70,33,13.87,NU,2020-04-20 00:06:04
107,Santa Vitoria Do Palmar,-33.52,-53.37,64.67,88,24,7.67,BR,2020-04-20 00:06:05
108,Boa Vista,2.82,-60.67,87.8,55,75,8.05,BR,2020-04-20 00:01:15
109,Adrar,20.5,-10.07,75.76,18,0,6.55,MR,2020-04-20 00:06:05
110,Guiratinga,-16.35,-53.76,71.65,81,49,2.28,BR,2020-04-20 00:06:05
111,Slave Lake,55.28,-114.77,50.0,46,75,23.04,CA,2020-04-20 00:06:05
112,Karratha,-20.74,116.85,83.82,61,97,7.52,AU,2020-04-20 00:04:52
113,Pasni,25.26,63.47,78.08,82,75,6.17,PK,2020-04-20 00:06:06
114,Feijo,-8.16,-70.35,73.49,65,3,0.81,BR,2020-04-20 00:06:06
115,Vestmannaeyjar,63.44,-20.27,46.08,93,100,28.1,IS,2020-04-20 00:06:06
116,Ichnya,50.86,32.39,36.19,78,80,6.08,UA,2020-04-20 00:06:06
117,Alizai,33.54,70.35,59.72,49,98,0.18,PK,2020-04-20 00:06:07
118,Sainte-Savine,48.3,4.05,57.99,81,94,4.7,FR,2020-04-20 00:06:07
119,Saint-Philippe,-21.36,55.77,75.2,64,20,11.41,RE,2020-04-20 00:06:07
120,Ixtapa,20.7,-105.2,77.0,73,5,12.75,MX,2020-04-20 00:06:07
121,Hithadhoo,-0.6,73.08,84.76,75,90,10.29,MV,2020-04-20 00:06:07
122,Ahuimanu,21.44,-157.84,84.2,51,20,11.41,US,2020-04-20 00:04:01
123,Rocha,-34.48,-54.33,61.99,81,13,5.77,UY,2020-04-20 00:01:23
124,Port Huron,42.97,-82.42,39.2,69,1,21.92,US,2020-04-20 00:05:36
125,Atasu,48.68,71.64,52.68,41,43,5.08,KZ,2020-04-20 00:06:08
126,Namibe,-15.2,12.15,75.31,65,19,2.8,AO,2020-04-20 00:06:08
127,Lagoa,39.05,-27.98,56.55,63,23,17.36,PT,2020-04-20 00:06:09
128,Shimsk,58.21,30.71,31.32,98,7,4.63,RU,2020-04-20 00:06:09
129,Torbay,47.67,-52.73,35.01,92,90,33.33,CA,2020-04-20 00:06:09
130,Killarney,52.05,-9.52,45.59,90,64,4.83,IE,2020-04-20 00:06:09
131,Kavaratti,10.57,72.64,85.08,69,42,5.19,IN,2020-04-20 00:06:09
132,Carmen,18.63,-91.83,93.2,52,40,4.7,MX,2020-04-20 00:03:26
133,Provideniya,64.38,-173.3,22.44,95,100,14.94,RU,2020-04-20 00:06:10
134,Dodge City,37.75,-100.02,66.2,59,1,9.6,US,2020-04-20 00:06:10
135,Matagami,49.75,-77.63,14.0,61,1,13.87,CA,2020-04-20 00:06:10
136,Port Moresby,-9.44,147.18,84.2,79,20,5.82,PG,2020-04-20 00:06:11
137,Pacific Grove,36.62,-121.92,62.6,55,1,12.75,US,2020-04-20 00:06:11
138,Dosso,13.05,3.19,85.48,35,28,4.27,NE,2020-04-20 00:06:11
139,Cheney,47.49,-117.58,62.6,48,40,10.29,US,2020-04-20 00:06:11
140,Namatanai,-3.67,152.43,83.53,75,78,6.06,PG,2020-04-20 00:06:11
141,Cabo San Lucas,22.89,-109.91,78.8,44,5,8.05,MX,2020-04-20 00:02:54
142,Aitape,-3.14,142.35,84.69,73,98,3.98,PG,2020-04-20 00:06:12
143,Lloydminster,53.28,-110.0,48.2,49,75,14.99,CA,2020-04-20 00:06:12
144,Thompson,55.74,-97.86,23.0,85,90,9.17,CA,2020-04-20 00:03:52
145,Taoudenni,22.68,-3.98,77.97,21,0,6.42,ML,2020-04-20 00:06:12
146,Cidreira,-30.18,-50.21,68.07,85,0,16.93,BR,2020-04-20 00:06:12
147,Voh,-20.97,164.7,82.2,70,99,4.09,NC,2020-04-20 00:03:56
148,Nova Vicosa,-17.89,-39.37,76.24,75,63,14.76,BR,2020-04-20 00:06:13
149,Faanui,-16.48,-151.75,82.83,75,60,15.23,PF,2020-04-20 00:06:14
150,Kahului,20.89,-156.47,82.4,51,40,9.17,US,2020-04-20 00:06:14
151,Baft,29.23,56.61,52.29,33,100,5.59,IR,2020-04-20 00:06:14
152,Inta,66.03,60.17,34.21,95,100,6.89,RU,2020-04-20 00:06:14
153,Severo-Kurilsk,50.68,156.12,30.97,91,73,9.89,RU,2020-04-20 00:06:14
154,Mahebourg,-20.41,57.7,75.2,88,40,11.41,MU,2020-04-20 00:06:15
155,Georgetown,5.41,100.34,80.6,94,20,3.91,MY,2020-04-20 00:01:31
156,Nanortalik,60.14,-45.24,28.4,89,6,9.46,GL,2020-04-20 00:06:15
157,Ponta Do Sol,32.67,-17.1,57.99,67,13,5.99,PT,2020-04-20 00:06:15
158,Saldanha,-33.01,17.94,59.0,82,31,12.75,ZA,2020-04-20 00:06:15
159,Hualmay,-11.1,-77.61,70.61,78,21,8.08,PE,2020-04-20 00:06:16
160,Los Andes,-32.83,-70.6,77.0,50,0,9.17,CL,2020-04-20 00:06:16
161,Hasaki,35.73,140.83,48.2,93,75,8.05,JP,2020-04-20 00:06:16
162,Seoul,37.57,126.98,51.8,76,90,5.55,KR,2020-04-20 00:01:31
163,Longyearbyen,78.22,15.64,28.4,86,90,33.33,SJ,2020-04-20 00:04:26
164,Kruisfontein,-34.0,24.73,67.21,49,20,4.18,ZA,2020-04-20 00:06:17
165,Constitucion,-35.33,-72.42,57.25,68,74,12.71,CL,2020-04-20 00:06:17
166,Kjollefjord,70.95,27.35,39.4,94,100,21.92,NO,2020-04-20 00:06:17
167,Ust-Omchug,61.15,149.63,3.58,80,70,8.61,RU,2020-04-20 00:06:18
168,Te Anau,-45.42,167.72,51.75,57,58,7.76,NZ,2020-04-20 00:06:18
169,Tambo,-14.8,-73.92,37.76,28,48,3.51,PE,2020-04-20 00:06:18
170,Tuatapere,-46.13,167.68,55.99,66,35,5.99,NZ,2020-04-20 00:06:18
171,Oranjemund,-28.55,16.43,59.0,94,18,1.23,NA,2020-04-20 00:06:18
172,Khatanga,71.97,102.5,24.04,95,34,5.41,RU,2020-04-20 00:06:19
173,Novoagansk,61.94,76.66,39.18,81,95,5.01,RU,2020-04-20 00:06:19
174,Balatonalmadi,47.04,18.02,46.4,65,75,2.24,HU,2020-04-20 00:06:19
175,College,64.86,-147.8,52.0,75,90,2.55,US,2020-04-20 00:04:39
176,Lasa,46.62,10.7,46.4,100,90,2.24,IT,2020-04-20 00:06:19
177,Suba,10.84,121.01,83.68,80,62,18.07,PH,2020-04-20 00:06:20
178,Tiksi,71.69,128.87,14.04,91,94,6.31,RU,2020-04-20 00:06:20
179,Nemuro,43.32,145.57,33.8,100,75,11.41,JP,2020-04-20 00:06:20
180,Altamira,-3.2,-52.21,74.48,93,75,1.92,BR,2020-04-20 00:06:02
181,Cockburn Town,21.46,-71.14,79.18,82,7,16.49,TC,2020-04-20 00:06:20
182,Katsuura,35.13,140.3,51.8,93,75,6.93,JP,2020-04-20 00:06:21
183,Tura,25.52,90.22,68.61,85,26,1.66,IN,2020-04-20 00:06:21
184,Oudtshoorn,-33.59,22.2,59.0,77,0,3.36,ZA,2020-04-20 00:06:21
185,Opuwo,-18.06,13.84,69.42,54,57,7.16,NA,2020-04-20 00:06:21
186,Champerico,14.3,-91.92,84.49,64,38,4.7,GT,2020-04-20 00:06:21
187,Qasigiannguit,68.82,-51.19,30.2,54,100,24.16,GL,2020-04-20 00:06:22
188,Saskylakh,71.92,114.08,17.15,95,2,3.6,RU,2020-04-20 00:06:22
189,Hambantota,6.12,81.12,81.68,82,76,9.46,LK,2020-04-20 00:06:22
190,Touros,-5.2,-35.46,78.8,88,20,3.36,BR,2020-04-20 00:06:22
191,Ahipara,-35.17,173.17,63.28,90,100,5.37,NZ,2020-04-20 00:06:22
192,Pochutla,15.74,-96.47,86.0,66,40,17.22,MX,2020-04-20 00:05:44
193,Chokurdakh,70.63,147.92,7.12,94,86,11.52,RU,2020-04-20 00:06:01
194,Jeremie,18.65,-74.12,78.17,74,33,1.48,HT,2020-04-20 00:06:23
195,Mount Isa,-20.73,139.5,82.4,20,75,6.93,AU,2020-04-20 00:06:10
196,Benguela,-12.58,13.41,78.26,82,99,11.18,AO,2020-04-20 00:06:18
197,Newport,51.59,-3.0,48.0,78,37,1.01,GB,2020-04-20 00:01:46
198,Keffi,8.85,7.87,75.58,72,97,2.46,NG,2020-04-20 00:06:24
199,Mar Del Plata,-38.0,-57.56,66.99,82,29,6.93,AR,2020-04-20 00:02:24
200,Roald,62.58,6.13,41.0,93,0,10.29,NO,2020-04-20 00:06:24
201,Lorengau,-2.02,147.27,84.47,75,46,7.65,PG,2020-04-20 00:06:25
202,Xining,36.62,101.77,39.6,27,100,3.62,CN,2020-04-20 00:05:05
203,Siderno,38.28,16.3,61.0,26,99,6.93,IT,2020-04-20 00:06:25
204,Pangnirtung,66.15,-65.71,-1.23,85,36,4.12,CA,2020-04-20 00:06:25
205,Mbini,1.57,9.61,77.0,100,40,5.82,GQ,2020-04-20 00:06:25
206,Chifeng,42.27,118.96,38.3,47,43,30.71,CN,2020-04-20 00:06:26
207,Nekhayevskiy,50.41,41.76,33.01,76,36,4.72,RU,2020-04-20 00:06:26
208,Asino,57.0,86.15,37.42,73,99,7.87,RU,2020-04-20 00:06:26
209,Sangar,63.92,127.47,17.08,82,24,1.79,RU,2020-04-20 00:06:26
210,Naryan-Mar,67.67,53.09,29.5,98,98,6.33,RU,2020-04-20 00:06:27
211,Kodinsk,58.69,99.18,29.77,88,0,3.69,RU,2020-04-20 00:06:27
212,Yaan,7.38,8.57,78.73,71,100,10.38,NG,2020-04-20 00:06:27
213,Qianguo,45.12,124.86,50.68,68,100,16.37,CN,2020-04-20 00:06:27
214,Beyneu,45.32,55.2,62.47,48,100,2.71,KZ,2020-04-20 00:06:27
215,Nikki,9.94,3.21,79.23,64,100,11.83,BJ,2020-04-20 00:06:28
216,Victoria,22.29,114.16,78.01,83,85,5.01,HK,2020-04-20 00:06:28
217,Gotsu,35.0,132.22,57.2,93,75,10.29,JP,2020-04-20 00:06:28
218,Bairnsdale,-37.83,147.62,64.0,57,99,24.0,AU,2020-04-20 00:06:28
219,Mezen,65.85,44.24,29.05,99,90,3.94,RU,2020-04-20 00:06:28
220,Valdez,1.25,-78.98,78.06,88,56,6.62,EC,2020-04-20 00:06:28
221,Lujan,-34.57,-59.1,71.01,63,0,1.01,AR,2020-04-20 00:05:53
222,Agadez,19.75,10.25,84.04,12,77,8.86,NE,2020-04-20 00:06:29
223,Mims,28.67,-80.84,91.4,74,1,6.93,US,2020-04-20 00:06:29
224,Dukat,62.55,155.55,0.21,81,100,6.13,RU,2020-04-20 00:06:29
225,Christchurch,-43.53,172.63,66.0,34,30,11.41,NZ,2020-04-20 00:06:02
226,Rincon,32.3,-81.24,62.6,93,90,6.93,US,2020-04-20 00:05:40
227,Nalut,30.33,10.85,74.3,29,93,31.0,LY,2020-04-20 00:06:30
228,Coahuayana,18.73,-103.68,84.2,54,5,5.82,MX,2020-04-20 00:06:30
229,Rembang,-6.71,111.35,80.94,79,73,3.38,ID,2020-04-20 00:06:30
230,Santa Cruz,-17.8,-63.17,77.0,65,0,2.24,BO,2020-04-20 00:01:33
231,Krasnoselkup,65.7,82.47,37.76,93,100,21.5,RU,2020-04-20 00:06:31
232,Severo-Yeniseyskiy,60.37,93.04,28.9,79,51,7.23,RU,2020-04-20 00:06:31
233,Bambous Virieux,-20.34,57.76,75.2,88,40,11.41,MU,2020-04-20 00:06:31
234,Malumfashi,11.79,7.62,80.74,13,52,5.61,NG,2020-04-20 00:06:32
235,Scottsboro,34.67,-86.03,59.0,100,90,3.36,US,2020-04-20 00:05:30
236,Eyl,7.98,49.82,83.3,73,70,5.86,SO,2020-04-20 00:06:32
237,Margate,51.38,1.39,51.01,77,0,1.99,GB,2020-04-20 00:06:32
238,Saint-Georges,12.06,-61.75,80.6,78,20,14.99,GD,2020-04-20 00:02:05
239,Kuytun,54.34,101.5,26.83,79,0,4.52,RU,2020-04-20 00:06:32
240,Gornorechenskiy,44.26,135.11,39.92,78,100,8.81,RU,2020-04-20 00:06:33
241,Egvekinot,66.32,-179.17,12.0,90,100,13.62,RU,2020-04-20 00:04:22
242,Kudahuvadhoo,2.67,72.89,85.15,72,71,9.44,MV,2020-04-20 00:06:33
243,Mbanza-Ngungu,-5.25,14.87,67.68,81,83,1.52,CD,2020-04-20 00:06:33
244,Amalapuram,16.58,82.02,77.13,92,48,2.84,IN,2020-04-20 00:06:33
245,Kavieng,-2.57,150.8,83.79,75,78,7.14,PG,2020-04-20 00:06:09
246,Caravelas,-17.71,-39.25,76.08,76,78,15.39,BR,2020-04-20 00:04:23
247,Steamboat Springs,40.48,-106.83,44.6,52,90,12.75,US,2020-04-20 00:02:49
248,Nogent-Le-Rotrou,48.33,1.0,51.8,87,100,10.29,FR,2020-04-20 00:06:34
249,Upernavik,72.79,-56.15,26.91,84,94,26.26,GL,2020-04-20 00:06:34
250,Mehamn,71.04,27.85,39.4,93,100,22.1,NO,2020-04-20 00:06:35
251,Weligama,5.97,80.42,78.01,89,14,7.27,LK,2020-04-20 00:05:38
252,Kuldiga,56.97,21.96,39.2,86,0,5.82,LV,2020-04-20 00:06:35
253,Valley City,46.92,-98.0,53.6,32,1,17.22,US,2020-04-20 00:06:36
254,San Cristobal,7.77,-72.22,69.76,63,90,0.92,VE,2020-04-20 00:06:36
255,Ilulissat,69.22,-51.1,30.2,54,100,24.16,GL,2020-04-20 00:06:04
256,Linkoping,58.41,15.62,44.6,65,70,1.12,SE,2020-04-20 00:06:36
257,Akhmeta,42.03,45.21,57.2,54,30,20.8,GE,2020-04-20 00:06:36
258,Valdivia,-39.81,-73.25,51.8,100,94,3.36,CL,2020-04-20 00:06:37
259,Buin,-33.73,-70.75,77.0,50,0,9.17,CL,2020-04-20 00:06:37
260,Sandwick,60.0,-1.25,44.6,81,0,8.05,GB,2020-04-20 00:06:37
261,Nacozari,25.34,-108.26,81.0,60,5,3.0,MX,2020-04-20 00:06:37
262,Hukeri,16.23,74.6,80.06,35,68,5.23,IN,2020-04-20 00:06:37
263,Sechura,-5.56,-80.82,75.52,69,12,17.02,PE,2020-04-20 00:06:38
264,Deputatskiy,69.3,139.9,6.67,87,60,6.04,RU,2020-04-20 00:06:38
265,Clyde River,70.47,-68.59,1.4,77,1,2.24,CA,2020-04-20 00:06:38
266,Zhigansk,66.77,123.37,17.51,93,100,8.59,RU,2020-04-20 00:03:31
267,Southbridge,42.08,-72.03,51.01,55,81,1.99,US,2020-04-20 00:06:38
268,Salta,-24.79,-65.41,64.4,72,0,3.36,AR,2020-04-20 00:02:01
269,Aktash,50.3,87.73,28.06,41,0,0.98,RU,2020-04-20 00:06:39
270,Srednekolymsk,67.45,153.68,9.52,93,86,12.19,RU,2020-04-20 00:06:16
271,Antofagasta,-23.65,-70.4,62.6,82,20,6.93,CL,2020-04-20 00:05:00
272,Souillac,-20.52,57.52,75.2,88,40,11.41,MU,2020-04-20 00:06:39
273,Tamboril,19.49,-70.61,82.4,83,20,5.82,DO,2020-04-20 00:06:40
274,Palmer,42.16,-72.33,53.6,50,40,17.22,US,2020-04-20 00:06:36
275,Aklavik,68.22,-135.01,21.2,48,90,3.36,CA,2020-04-20 00:06:40
276,Kualakapuas,-3.01,114.39,77.0,94,96,2.24,ID,2020-04-20 00:06:40
277,Visby,57.64,18.3,42.8,56,48,4.7,SE,2020-04-20 00:06:40
278,Chicama,-7.84,-79.15,74.73,68,16,6.87,PE,2020-04-20 00:06:41
279,Conceicao Do Araguaia,-8.26,-49.26,80.6,78,53,3.36,BR,2020-04-20 00:06:41
280,Kupang,-10.17,123.58,82.4,74,20,4.7,ID,2020-04-20 00:06:41
281,Erzin,36.96,36.2,63.0,76,40,5.82,TR,2020-04-20 00:06:41
282,Misratah,32.38,15.09,67.24,58,100,22.84,LY,2020-04-20 00:06:41
283,Khuzhir,53.19,107.34,23.36,82,6,4.29,RU,2020-04-20 00:06:41
284,Okitipupa,6.5,4.78,78.28,88,99,1.99,NG,2020-04-20 00:06:42
285,Uglekamensk,43.22,133.23,42.76,79,100,7.23,RU,2020-04-20 00:06:42
286,Codrington,-38.27,141.97,60.48,60,62,23.73,AU,2020-04-20 00:03:29
287,Huangmei,30.19,116.03,61.2,77,18,2.84,CN,2020-04-20 00:06:42
288,Parsabad,39.65,47.92,53.6,81,75,2.24,IR,2020-04-20 00:06:42
289,Karasburg,-28.02,18.75,68.54,23,11,3.09,NA,2020-04-20 00:06:43
290,Russell,32.35,-85.2,59.0,93,90,5.82,US,2020-04-20 00:06:43
291,Emilio Carranza,19.97,-96.61,85.98,67,27,12.8,MX,2020-04-20 00:06:43
292,Fukue,32.69,128.84,57.2,82,75,10.29,JP,2020-04-20 00:06:15
293,Richards Bay,-28.78,32.04,67.68,79,0,9.53,ZA,2020-04-20 00:06:43
294,Abu Samrah,35.3,37.18,66.85,40,54,2.98,SY,2020-04-20 00:06:44
295,Tiarei,-17.53,-149.33,91.4,59,99,5.82,PF,2020-04-20 00:05:03
296,Manaus,-3.1,-60.02,82.4,78,40,3.36,BR,2020-04-20 00:06:17
297,Gravdal,68.12,13.5,40.6,95,100,19.46,NO,2020-04-20 00:06:44
298,Castro,-24.79,-50.01,57.07,70,34,5.88,BR,2020-04-20 00:06:41
299,Dunedin,-45.87,170.5,54.63,56,46,10.65,NZ,2020-04-20 00:06:45
300,Lichtenburg,-26.15,26.16,57.22,33,9,2.55,ZA,2020-04-20 00:06:45
301,Los Llanos De Aridane,28.66,-17.92,64.4,68,41,3.36,ES,2020-04-20 00:06:45
302,Jumla,29.27,82.18,44.67,31,97,4.59,NP,2020-04-20 00:06:45
303,Annau,37.89,58.52,59.0,72,0,2.24,TM,2020-04-20 00:06:45
304,Santa Maria,-29.68,-53.81,64.09,62,0,3.94,BR,2020-04-20 00:06:46
305,Jinchang,38.5,102.17,40.86,27,99,11.9,CN,2020-04-20 00:06:46
306,Necochea,-38.55,-58.74,55.0,83,61,1.01,AR,2020-04-20 00:06:46
307,Dingle,11.0,122.67,83.32,76,89,12.44,PH,2020-04-20 00:06:46
308,Hobyo,5.35,48.53,84.02,74,100,9.66,SO,2020-04-20 00:06:05
309,Mariestad,58.71,13.82,30.2,100,13,2.24,SE,2020-04-20 00:06:46
310,Surt,31.21,16.59,69.75,35,96,21.07,LY,2020-04-20 00:04:51
311,Isangel,-19.55,169.27,82.4,83,75,5.82,VU,2020-04-20 00:06:47
312,Port Lincoln,-34.73,135.87,62.22,58,100,15.35,AU,2020-04-20 00:06:32
313,Mirnyy,62.54,113.96,21.2,62,37,8.95,RU,2020-04-20 00:06:47
314,Raymondville,26.48,-97.78,98.6,16,1,12.75,US,2020-04-20 00:06:47
315,Hamilton,39.18,-84.53,55.99,54,75,9.17,US,2020-04-20 00:05:44
316,Sindor,62.86,51.89,33.84,94,100,3.09,RU,2020-04-20 00:06:48
317,Careiro Da Varzea,-3.2,-59.81,82.4,78,40,3.36,BR,2020-04-20 00:06:48
318,Manbij,36.53,37.95,50.0,81,40,2.95,SY,2020-04-20 00:06:48
319,Dwarka,22.24,68.97,80.15,81,29,11.23,IN,2020-04-20 00:06:48
320,Reshetylivka,49.56,34.08,39.63,69,18,3.27,UA,2020-04-20 00:06:49
321,Vokhtoga,58.81,41.05,31.08,94,43,2.82,RU,2020-04-20 00:06:49
322,Henties Bay,-22.12,14.28,59.0,93,5,1.99,NA,2020-04-20 00:05:51
323,Aguimes,27.91,-15.45,64.4,68,20,14.99,ES,2020-04-20 00:06:49
324,Mustafakemalpasa,40.04,28.41,55.99,87,18,2.24,TR,2020-04-20 00:06:49
325,Talnakh,69.49,88.4,37.4,74,100,26.84,RU,2020-04-20 00:06:50
326,Safita,34.82,36.12,57.99,73,15,2.08,SY,2020-04-20 00:06:50
327,Chingirlau,51.09,54.08,45.68,74,99,7.0,KZ,2020-04-20 00:06:50
328,Hofn,64.25,-15.21,44.04,84,99,8.34,IS,2020-04-20 00:06:50
329,Kollam,8.88,76.6,82.4,78,20,3.36,IN,2020-04-20 00:06:50
330,Sehithwa,-20.47,22.72,69.46,32,1,7.94,BW,2020-04-20 00:06:51
331,Oparino,59.85,48.28,29.41,96,0,3.31,RU,2020-04-20 00:06:51
332,Avera,33.19,-82.53,57.2,94,75,4.7,US,2020-04-20 00:03:29
333,Homer,59.64,-151.55,53.6,58,75,12.75,US,2020-04-20 00:04:12
334,Campestre,-21.71,-46.25,58.98,70,57,1.52,BR,2020-04-20 00:06:51
335,Ugoofaaru,5.67,73.0,85.95,71,30,8.48,MV,2020-04-20 00:06:51
336,Sabang,5.89,95.32,83.1,75,36,8.34,ID,2020-04-20 00:06:52
337,Pathein,16.78,94.73,77.59,87,7,6.69,MM,2020-04-20 00:06:52
338,Sao Joao Da Barra,-21.64,-41.05,71.65,77,71,6.73,BR,2020-04-20 00:06:30
339,Buguruslan,53.66,52.44,39.97,68,100,2.73,RU,2020-04-20 00:06:52
340,Itaituba,-4.28,-55.98,71.42,96,100,0.98,BR,2020-04-20 00:06:53
341,Road Town,18.42,-64.62,80.01,82,33,10.0,VG,2020-04-20 00:04:03
342,Mnogovershinnyy,53.94,139.92,22.15,95,100,11.65,RU,2020-04-20 00:06:53
343,Cornelio Procopio,-23.18,-50.65,75.2,53,1,5.82,BR,2020-04-20 00:06:53
344,Asyut,27.18,31.18,64.4,48,0,12.75,EG,2020-04-20 00:06:53
345,Oussouye,12.48,-16.55,77.0,65,72,4.7,SN,2020-04-20 00:06:54
346,Roebourne,-20.78,117.13,83.89,58,97,6.44,AU,2020-04-20 00:06:54
347,Kaitangata,-46.28,169.85,59.0,44,52,7.0,NZ,2020-04-20 00:06:54
348,San Quintin,30.48,-115.95,62.33,66,87,18.21,MX,2020-04-20 00:04:10
349,Houma,29.6,-90.72,79.0,83,40,20.8,US,2020-04-20 00:06:54
350,Leningradskiy,69.38,178.42,13.62,92,93,9.06,RU,2020-04-20 00:06:55
351,Siemiatycze,52.43,22.86,32.77,87,0,6.31,PL,2020-04-20 00:06:55
352,Copiapo,-27.37,-70.33,62.6,77,75,6.93,CL,2020-04-20 00:06:55
353,Pachino,36.72,15.09,62.6,77,100,2.24,IT,2020-04-20 00:06:55
354,Manama,26.22,50.58,77.0,69,94,2.24,BH,2020-04-20 00:01:55
355,Kodiak,57.79,-152.41,44.6,81,90,10.29,US,2020-04-20 00:06:56
356,Mont-Dore,-22.28,166.58,78.01,100,100,2.24,NC,2020-04-20 00:06:56
357,Klaksvik,62.23,-6.59,41.0,93,1,11.41,FO,2020-04-20 00:06:56
358,Hauterive,46.09,3.45,57.2,100,75,1.12,FR,2020-04-20 00:04:14
359,Ballina,-28.87,153.57,71.6,56,0,8.05,AU,2020-04-20 00:06:56
360,Melnikovo,56.56,84.08,44.01,45,77,4.36,RU,2020-04-20 00:06:57
361,Kindu,-2.95,25.95,67.73,85,45,1.48,CD,2020-04-20 00:06:57
362,Boralday,43.36,76.86,44.6,75,20,6.71,KZ,2020-04-20 00:06:57
363,Airai,-8.93,125.41,67.21,52,0,2.8,TL,2020-04-20 00:06:57
364,Valparaiso,-33.04,-71.63,68.0,68,0,4.7,CL,2020-04-20 00:06:57
365,Lompoc,34.64,-120.46,62.6,63,1,12.75,US,2020-04-20 00:06:58
366,Jalu,29.03,21.55,71.15,24,38,8.03,LY,2020-04-20 00:06:56
367,Hudiksvall,61.73,17.1,37.99,79,11,6.76,SE,2020-04-20 00:06:58
368,Mungaa,-4.97,34.88,60.21,62,100,1.61,TZ,2020-04-20 00:06:58
369,Mehran,33.12,46.16,51.8,71,0,4.7,IR,2020-04-20 00:06:59
370,Sobolevo,54.43,31.9,31.84,90,1,9.91,RU,2020-04-20 00:06:59
371,Narsaq,60.92,-46.05,28.4,58,0,4.7,GL,2020-04-20 00:06:59
372,Linjiang,41.81,126.91,47.75,52,98,6.51,CN,2020-04-20 00:06:59
373,Camacha,33.08,-16.33,62.6,67,40,11.41,PT,2020-04-20 00:06:59
374,Mogadishu,2.04,45.34,83.17,74,88,8.08,SO,2020-04-20 00:07:00
375,Payson,40.04,-111.73,57.2,41,75,4.7,US,2020-04-20 00:02:11
376,Ataco,3.59,-75.38,77.63,56,91,1.68,CO,2020-04-20 00:07:00
377,Madisonville,37.33,-87.5,55.4,62,90,4.7,US,2020-04-20 00:05:15
378,Hirara,24.8,125.28,69.8,100,75,13.87,JP,2020-04-20 00:07:00
379,Shaoyang,27.23,111.45,61.77,73,81,2.08,CN,2020-04-20 00:07:01
380,Wonthaggi,-38.6,145.59,62.01,68,74,14.0,AU,2020-04-20 00:07:01
381,Lethem,3.38,-59.8,87.51,50,73,7.85,GY,2020-04-20 00:07:01
382,Lazaro Cardenas,17.96,-102.2,80.53,71,35,6.82,MX,2020-04-20 00:07:01
383,Luzon,6.52,126.09,81.54,82,100,10.6,PH,2020-04-20 00:07:01
384,Kampot,10.62,104.18,81.59,78,11,3.91,KH,2020-04-20 00:07:02
385,Piacabucu,-10.41,-36.43,79.59,83,15,8.61,BR,2020-04-20 00:07:02
386,Cap Malheureux,-19.98,57.61,75.2,88,40,11.41,MU,2020-04-20 00:07:02
387,Muscat,23.61,58.59,80.6,94,20,5.82,OM,2020-04-20 00:03:07
388,Mackay,-21.15,149.2,84.0,88,90,6.93,AU,2020-04-20 00:06:50
389,Nizwa,22.93,57.53,77.45,34,7,1.14,OM,2020-04-20 00:07:03
390,Kitimat,54.05,-128.65,62.6,39,20,16.11,CA,2020-04-20 00:07:03
391,Yarada,17.65,83.27,80.6,88,20,2.24,IN,2020-04-20 00:07:03
392,Jardim,-21.48,-56.14,70.09,63,18,3.71,BR,2020-04-20 00:07:03
393,Megion,61.03,76.11,35.6,100,90,2.24,RU,2020-04-20 00:07:03
394,Itarema,-2.92,-39.92,77.83,86,18,3.76,BR,2020-04-20 00:04:20
395,Beringovskiy,63.05,179.32,20.41,96,100,18.28,RU,2020-04-20 00:06:16
396,Pisco,-13.7,-76.22,71.6,73,0,17.22,PE,2020-04-20 00:03:34
397,Lagos,6.58,3.75,80.6,88,20,2.24,NG,2020-04-20 00:07:04
398,Aksarka,66.56,67.8,33.1,94,100,6.93,RU,2020-04-20 00:07:04
399,Tomball,30.1,-95.62,84.0,69,1,10.29,US,2020-04-20 00:07:05
400,La Paz,-16.5,-68.15,46.4,61,75,3.36,BO,2020-04-20 00:07:05
401,Moa,20.66,-74.94,78.19,80,31,7.94,CU,2020-04-20 00:06:53
402,Mildura,-34.2,142.15,68.0,40,99,6.93,AU,2020-04-20 00:07:05
403,Concepcion,-36.83,-73.05,59.0,82,100,10.29,CL,2020-04-20 00:07:06
404,Grand Gaube,-20.01,57.66,75.2,88,40,11.41,MU,2020-04-20 00:07:06
405,Nikolayevskaya,47.61,41.5,48.94,57,99,6.89,RU,2020-04-20 00:07:06
406,Chkalovskoye,44.84,133.04,48.94,53,100,11.61,RU,2020-04-20 00:07:06
407,San Carlos De Bariloche,-41.15,-71.31,50.0,57,75,20.8,AR,2020-04-20 00:04:00
408,Gagnoa,6.13,-5.94,74.95,90,82,3.18,CI,2020-04-20 00:07:07
409,Krabi,8.07,98.91,81.0,100,20,4.7,TH,2020-04-20 00:07:07
410,Huarmey,-10.07,-78.15,72.63,74,6,8.08,PE,2020-04-20 00:07:07
411,Kozlovo,56.52,36.27,31.35,94,0,4.29,RU,2020-04-20 00:07:07
412,Tual,-5.67,132.75,84.58,72,0,6.58,ID,2020-04-20 00:07:06
413,Yulara,-25.24,130.99,80.6,36,25,12.75,AU,2020-04-20 00:06:10
414,Castle Rock,39.37,-104.86,59.0,31,90,5.23,US,2020-04-20 00:07:08
415,Arman,59.7,150.17,11.35,82,0,7.0,RU,2020-04-20 00:07:08
416,Tabatinga,-4.25,-69.94,80.6,88,20,0.45,BR,2020-04-20 00:07:08
417,Concarneau,47.88,-3.92,53.01,76,98,8.05,FR,2020-04-20 00:07:08
418,Maragogi,-9.01,-35.22,80.01,80,40,6.64,BR,2020-04-20 00:07:09
419,Shingu,33.73,135.98,62.6,93,75,3.36,JP,2020-04-20 00:07:09
420,Cabedelo,-6.98,-34.83,77.0,94,11,7.67,BR,2020-04-20 00:07:09
421,At-Bashi,41.17,75.81,41.72,26,50,4.5,KG,2020-04-20 00:07:09
422,Dakar,14.69,-17.44,68.0,88,0,18.34,SN,2020-04-20 00:07:09
423,Vila Franca Do Campo,37.72,-25.43,55.4,62,20,4.7,PT,2020-04-20 00:07:10
424,Suntar,62.14,117.63,21.45,93,35,4.99,RU,2020-04-20 00:04:56
425,Vung Tau,10.35,107.08,82.15,77,8,10.47,VN,2020-04-20 00:07:10
426,Leh,34.17,77.58,29.64,21,99,1.83,IN,2020-04-20 00:06:43
427,Chabahar,25.29,60.64,79.11,72,11,8.23,IR,2020-04-20 00:07:11
428,Guatire,10.48,-66.54,75.0,73,48,3.0,VE,2020-04-20 00:07:11
429,Point Pleasant,40.08,-74.07,57.2,35,1,8.05,US,2020-04-20 00:07:11
430,Puerto Parra,6.65,-74.06,77.27,88,82,1.81,CO,2020-04-20 00:07:11
431,Coolum Beach,-26.53,153.1,75.0,58,0,1.01,AU,2020-04-20 00:07:12
432,Nyurba,63.28,118.33,20.48,93,87,4.81,RU,2020-04-20 00:07:12
433,Omboue,-1.57,9.26,76.44,89,100,2.17,GA,2020-04-20 00:07:12
434,Sovetskiy,61.36,63.58,31.57,95,18,5.46,RU,2020-04-20 00:07:12
435,Bandarbeyla,9.49,50.81,81.73,68,79,3.11,SO,2020-04-20 00:07:12
436,Garowe,8.41,48.48,77.27,67,32,9.53,SO,2020-04-20 00:05:06
437,Boffa,10.17,-14.03,79.23,79,8,4.83,GN,2020-04-20 00:07:13
438,Jieshi,22.81,115.83,79.0,83,57,4.74,CN,2020-04-20 00:07:13
439,Timizart,36.8,4.27,58.48,88,100,8.59,DZ,2020-04-20 00:04:11
440,Colquechaca,-18.67,-66.02,35.87,22,43,3.8,BO,2020-04-20 00:07:13
441,Pavilosta,56.89,21.19,39.2,100,0,8.57,LV,2020-04-20 00:07:13
442,Tuy Hoa,13.08,109.3,78.84,78,99,4.32,VN,2020-04-20 00:07:14
443,Iwata,34.7,137.85,57.0,100,75,6.93,JP,2020-04-20 00:07:14
444,Konch,25.98,79.15,79.56,22,57,6.49,IN,2020-04-20 00:05:21
445,Qeshm,26.96,56.27,77.0,83,90,2.24,IR,2020-04-20 00:07:14
446,Kilrush,52.64,-9.48,50.0,87,40,5.82,IE,2020-04-20 00:07:14
447,Sturgeon Bay,44.83,-87.38,39.2,59,1,10.29,US,2020-04-20 00:07:15
448,Saint Anthony,45.02,-93.22,50.0,23,1,8.05,US,2020-04-20 00:07:15
449,Mahenge,-8.68,36.72,60.96,84,75,2.06,TZ,2020-04-20 00:07:15
450,Along,28.17,94.77,64.51,69,100,2.42,IN,2020-04-20 00:07:15
451,Sorland,67.67,12.69,40.82,94,100,19.01,NO,2020-04-20 00:07:16
452,Kununurra,-15.77,128.73,84.2,66,72,1.12,AU,2020-04-20 00:07:16
453,Serenje,-13.23,30.24,57.38,62,13,5.1,ZM,2020-04-20 00:07:16
454,Fort Saint James,54.43,-124.25,61.41,47,2,3.38,CA,2020-04-20 00:07:16
455,Beya,53.05,90.91,42.53,52,0,2.91,RU,2020-04-20 00:04:05
456,Banda Aceh,5.56,95.32,79.68,81,66,4.85,ID,2020-04-20 00:07:16
457,Bosaso,11.28,49.18,83.1,67,94,1.7,SO,2020-04-20 00:07:17
458,Gniezno,52.53,17.58,37.0,63,0,3.0,PL,2020-04-20 00:07:17
459,Havoysund,71.0,24.66,37.4,100,75,39.15,NO,2020-04-20 00:07:17
460,Purpe,64.48,76.69,34.0,92,99,10.38,RU,2020-04-20 00:07:17
461,Zapolyarnyy,69.42,30.81,35.6,88,100,18.34,RU,2020-04-20 00:07:17
462,Tevaitoa,-16.78,-151.5,83.48,76,53,16.31,PF,2020-04-20 00:07:18
463,Ambilobe,-13.2,49.05,72.0,87,71,3.76,MG,2020-04-20 00:07:18
464,Hailar,49.2,119.7,24.89,75,100,21.41,CN,2020-04-20 00:07:18
465,Flinders,-34.58,150.86,64.0,62,100,4.99,AU,2020-04-20 00:07:18
466,Garden City,42.33,-83.33,59.0,57,75,10.29,US,2020-04-20 00:07:18
467,Mersing,2.43,103.84,77.0,94,10,3.36,MY,2020-04-20 00:07:19
468,Manavgat,36.79,31.44,55.4,71,70,3.36,TR,2020-04-20 00:07:19
469,Tigil,57.8,158.67,18.91,92,96,5.01,RU,2020-04-20 00:07:19
470,Dongsheng,39.82,109.98,31.32,36,0,20.2,CN,2020-04-20 00:07:19
471,Waingapu,-9.66,120.26,81.41,70,92,2.93,ID,2020-04-20 00:07:20
472,Bonavista,48.65,-53.11,32.4,96,100,39.48,CA,2020-04-20 00:07:20
473,Kyzyl-Suu,42.34,78.0,40.06,31,12,4.59,KG,2020-04-20 00:07:20
474,Salalah,17.02,54.09,82.4,69,40,5.82,OM,2020-04-20 00:07:20
475,La Sarre,48.8,-79.2,20.66,87,65,7.78,CA,2020-04-20 00:04:04
476,Chapais,49.78,-74.85,19.4,52,20,11.41,CA,2020-04-20 00:07:21
477,Neryungri,56.67,124.65,13.8,81,59,16.2,RU,2020-04-20 00:03:49
478,Laguna,38.42,-121.42,71.01,48,1,6.93,US,2020-04-20 00:02:32
479,Manjacaze,-24.71,33.88,68.04,89,2,7.63,MZ,2020-04-20 00:07:21
480,Port Blair,11.67,92.75,83.32,77,11,6.38,IN,2020-04-20 00:06:52
481,North Bend,43.41,-124.22,57.99,66,1,8.05,US,2020-04-20 00:07:21
482,Teya,60.38,92.63,31.64,83,46,4.7,RU,2020-04-20 00:07:22
483,Sungaipenuh,-2.08,101.38,66.63,72,45,2.64,ID,2020-04-20 00:07:22
484,Chunhuhub,19.55,-88.68,88.57,45,73,6.87,MX,2020-04-20 00:07:22
485,Tallahassee,30.44,-84.28,78.8,78,75,10.29,US,2020-04-20 00:07:22
486,Yazoo City,32.86,-90.41,64.4,100,90,4.7,US,2020-04-20 00:07:23
487,Beaverlodge,55.22,-119.44,60.8,45,20,9.17,CA,2020-04-20 00:07:23
488,Brookings,44.31,-96.8,48.99,36,1,8.05,US,2020-04-20 00:07:23
489,Kamina,-8.74,24.99,64.08,71,100,3.98,CD,2020-04-20 00:07:23
490,Raton,36.9,-104.44,59.0,28,90,14.99,US,2020-04-20 00:07:23
491,Bagaha,27.1,84.08,77.0,38,87,8.84,IN,2020-04-20 00:07:23
492,Minab,27.15,57.08,75.2,83,90,2.24,IR,2020-04-20 00:07:24
493,Kolondieba,11.09,-6.89,90.72,34,67,5.97,ML,2020-04-20 00:07:24
494,Ajdabiya,30.76,20.23,68.83,34,50,7.34,LY,2020-04-20 00:07:24
495,Bandundu,-3.32,17.37,70.48,87,78,1.32,CD,2020-04-20 00:07:24
496,Torres,-29.34,-49.73,66.09,84,6,9.1,BR,2020-04-20 00:07:25
497,Susurluk,39.91,28.16,55.99,87,20,5.32,TR,2020-04-20 00:07:25
498,Samagaltay,50.6,95.0,37.33,41,0,2.13,RU,2020-04-20 00:07:25
499,Marsa Matruh,31.35,27.25,53.6,76,0,1.77,EG,2020-04-20 00:07:25
500,Fairbanks,64.84,-147.72,52.0,93,75,3.36,US,2020-04-20 00:05:10
501,Sabha,27.04,14.43,80.24,14,8,19.75,LY,2020-04-20 00:07:26
502,Pula,44.87,13.85,60.01,58,100,10.29,HR,2020-04-20 00:07:26
503,Taltal,-25.4,-70.48,60.87,75,0,2.08,CL,2020-04-20 00:07:26
504,Svetlyy,54.67,20.13,39.2,86,0,6.71,RU,2020-04-20 00:07:27
505,Belaya Gora,68.53,146.42,10.67,91,85,9.17,RU,2020-04-20 00:07:27
506,Sao Filipe,14.9,-24.5,71.82,74,0,19.71,CV,2020-04-20 00:07:27
507,Fortuna,40.6,-124.16,55.0,76,90,13.87,US,2020-04-20 00:07:27
508,La Reforma,25.08,-108.05,81.0,68,19,8.01,MX,2020-04-20 00:07:27
509,Hurup,56.75,8.42,39.0,63,0,4.54,DK,2020-04-20 00:07:28
510,Mporokoso,-9.37,30.12,59.65,63,41,6.08,ZM,2020-04-20 00:07:28
511,Amot,59.57,7.99,39.0,74,0,4.18,NO,2020-04-20 00:07:28
512,Miri,4.41,114.01,80.6,94,75,2.24,MY,2020-04-20 00:07:28
513,Vardo,70.37,31.11,38.88,90,100,17.13,NO,2020-04-20 00:07:28
514,Hirado,33.36,129.55,61.0,82,75,11.41,JP,2020-04-20 00:07:29
515,Kaeo,-35.1,173.78,61.0,95,100,1.01,NZ,2020-04-20 00:07:29
516,Kibre Mengist,5.88,38.98,60.1,61,100,1.03,ET,2020-04-20 00:07:29
517,La Rioja,42.25,-2.5,53.6,87,90,6.93,ES,2020-04-20 00:07:29
518,Soloneshnoye,51.65,84.32,47.48,57,13,3.74,RU,2020-04-20 00:07:29
519,Grants Pass,42.44,-123.33,71.6,17,1,4.7,US,2020-04-20 00:02:32
520,Ust-Kuyga,70.02,135.6,11.82,92,33,8.28,RU,2020-04-20 00:07:30
521,Katobu,-4.94,122.53,81.48,73,58,0.54,ID,2020-04-20 00:07:30
522,San Policarpo,12.18,125.51,82.33,83,95,13.11,PH,2020-04-20 00:07:30
523,Balrampur,27.43,82.18,75.56,38,30,4.41,IN,2020-04-20 00:07:30
524,Pueblo Nuevo,23.38,-105.38,73.17,20,29,8.68,MX,2020-04-20 00:07:31
525,Turtas,58.94,69.13,35.35,83,8,4.27,RU,2020-04-20 00:07:31
526,Bom Despacho,-19.74,-45.25,65.88,73,94,4.56,BR,2020-04-20 00:02:49
527,Beni,0.5,29.47,62.15,72,69,1.72,CD,2020-04-20 00:07:31
528,Bolama,11.58,-15.47,77.27,68,83,10.51,GW,2020-04-20 00:07:31
529,Sabzevar,36.21,57.68,60.01,38,0,2.35,IR,2020-04-20 00:07:31
530,Metro,-5.11,105.31,77.67,88,51,1.79,ID,2020-04-20 00:07:32
531,Puerto Suarez,-18.95,-57.8,76.1,69,31,1.77,BO,2020-04-20 00:06:09
532,Daru,-9.08,143.21,84.34,76,47,9.24,PG,2020-04-20 00:07:32
533,Vuktyl,63.86,57.31,34.54,94,100,6.11,RU,2020-04-20 00:07:32
534,Vondrozo,-22.82,47.28,60.03,88,37,1.43,MG,2020-04-20 00:07:32
535,Noumea,-22.28,166.46,78.01,100,100,2.24,NC,2020-04-20 00:02:55
536,Polyarnyy,69.2,33.45,33.8,94,75,2.24,RU,2020-04-20 00:07:33
537,Minot,48.23,-101.3,57.2,20,1,27.51,US,2020-04-20 00:06:50
538,Najran,17.49,44.13,71.6,64,40,2.24,SA,2020-04-20 00:07:34
539,Los Chiles,11.03,-84.72,75.99,76,3,13.0,CR,2020-04-20 00:07:34
540,Bathsheba,13.22,-59.52,80.6,69,20,19.46,BB,2020-04-20 00:07:34
541,Tiznit,29.58,-9.5,54.79,71,78,9.51,MA,2020-04-20 00:07:34
542,Kommunisticheskiy,61.68,64.48,31.48,94,12,6.31,RU,2020-04-20 00:07:34
543,Netivot,31.42,34.59,62.01,16,0,6.64,IL,2020-04-20 00:07:35
544,Peace River,56.25,-117.29,55.4,43,75,9.17,CA,2020-04-20 00:07:35
545,Changji,44.02,87.32,55.4,50,25,2.24,CN,2020-04-20 00:07:35
546,Honiara,-9.43,159.95,86.0,70,20,4.7,SB,2020-04-20 00:07:35
547,Edd,13.93,41.69,85.84,66,85,9.46,ER,2020-04-20 00:07:35
548,Santa Rosa,14.31,121.11,88.0,66,20,4.7,PH,2020-04-20 00:04:57
549,La Asuncion,11.03,-63.86,82.4,74,40,17.22,VE,2020-04-20 00:07:36
550,Nome,64.5,-165.41,39.0,86,90,4.7,US,2020-04-20 00:07:36
551,Shubarkuduk,49.14,56.49,52.57,82,100,15.12,KZ,2020-04-20 00:07:21
552,Aripuana,-9.17,-60.63,75.76,88,95,1.66,BR,2020-04-20 00:07:37
553,Otautau,-46.15,168.0,55.99,66,46,5.99,NZ,2020-04-20 00:05:26
554,Bubaque,11.28,-15.83,77.02,74,75,13.06,GW,2020-04-20 00:05:04
555,Kutum,14.2,24.67,63.57,18,97,3.29,SD,2020-04-20 00:07:37
556,Subtanjalla,-14.02,-75.76,71.6,73,6,17.22,PE,2020-04-20 00:07:37
557,Chumikan,54.72,135.31,23.67,95,100,17.11,RU,2020-04-20 00:07:37
